"","as.character.xcastchar.V2."
"1","Gillian Anderson"
"2","David Duchovny"
"3","Mitch Pileggi"
"4","Robert Patrick"
"5","Tom Braidwood"
"6","William B. Davis"
"7","Bruce Harwood"
"8","Dean Haglund"
"9","Nicholas Lea"
"10","Annabeth Gish"
"11","James Pickens Jr."
"12","Sheila Larken"
"13","Steven Williams"
"14","Don S. Williams"
"15","Chris Owens"
"16","Jerry Hardin"
"17","Rebecca Toolan"
"18","Brian Thompson"
"19","Laurie Holden"
"20","Arlene Warren"
"21","Brendan Beiser"
"22","John Neville"
"23","Bill Dow"
"24","Peter Donat"
"25","Mimi Rogers"
"26","Travis Riker"
"27","Charles Cioffi"
"28","Morris Panych"
"29","Vanessa Morley"
"30","John Moore"
"31","Cary Elwes"
"32","Zachary Ansley"
"33","James Riker"
"34","Michael David Simms"
"35","Ken Camroux"
"36","Veronica Cartwright"
"37","Floyd 'Red Crow' Westerman"
"38","William MacDonald"
"39","Doug Abrahams"
"40","Forbes Angus"
"41","Bonnie Hay"
"42","Lenno Britos"
"43","Megan Leitch"
"44","Malcolm Stewart"
"45","John Finn"
"46","Jeff Gulka"
"47","Bob Wilde"
"48","Adam Baldwin"
"49","Kirk B.R. Woller"
"50","Melinda McGraw"
"51","Michael McKean"
"52","Pat Skipper"
"53","Larry Musser"
"54","Garry Davey"
"55","Chilton Crane"
"56","Dwight McFee"
"57","Andrew Johnston"
"58","Michael Puttonen"
"59","Steve Makaj"
"60","Peter Kelamis"
"61","Mitchell Kosterman"
"62","Gordon Tipple"
"63","George Murdock"
"64","Paul Anthony McLean"
"65","Lesley Ewen"
"66","Don Thompson"
"67","Angelo Vacco"
"68","Roger R. Cross"
"69","Don MacKay"
"70","Lauren Diewold"
"71","Gillian Barber"
"72","Hrothgar Mathews"
"73","David Fredericks"
"74","Michael Dobson"
"75","Harrison Coe"
"76","Campbell Lane"
"77","Eric Breker"
"78","Raoul Ganeev"
"79","John Sampson"
"80","Geoff Redknap"
"81","Raymond J. Barry"
"82","John Pyper-Ferguson"
"83","Scott Bellis"
"84","Tom McBeath"
"85","Timothy Webber"
"86","Henry Beckman"
"87","Peter LaCroix"
"88","Kevin McNulty"
"89","Stephen E. Miller"
"90","Lorena Gale"
"91","Ken Kramer"
"92","Colin Cunningham"
"93","Alex Diakun"
"94","Christine Willes"
"95","Deryl Hayes"
"96","P. Lynn Johnson"
"97","Tasha Simms"
"98","Jim Jansen"
"99","Alf Humphreys"
"100","Glynis Davies"
"101","Dmitry Chepovetsky"
"102","Steve Bacic"
"103","Norma Jean Wick"
"104","Barry W. Levy"
"105","Jerry Schram"
"106","J.B. Bivens"
"107","Julia Vera"
"108","David Lewis"
"109","Arnie Walters"
"110","Craig Bruhnanski"
"111","Robert Lewis"
"112","Alan Dale"
"113","Christopher Stapleton"
"114","Roy Thinnes"
"115","Robin Mossley"
"116","Marc Baur"
"117","Walter Marsh"
"118","Dean Aylesworth"
"119","Rick Dobran"
"120","Brent Chapman"
"121","Wayne Alexander"
"122","Carrie Cain-Sparks"
"123","Terry O'Quinn"
"124","Jay Acovone"
"125","Sarah Koskoff"
"126","Jenny-Lynn Hutcheson"
"127","Brent Stait"
"128","Colin Lawrence"
"129","Steve Kiziak"
"130","Anthony Harrison"
"131","Brad Loree"
"132","Kate Braidwood"
"133","Warren Sweeney"
"134","Robert Beckwith"
"135","Laura Leigh Hughes"
"136","Tony Morelli"
"137","Anatol Rezmeritza"
"138","Jenn Forgie"
"139","Martin Evans"
"140","Sal Landi"
"141","Victoria Gallegos"
"142","Judson Scott"
"143","Doug Hutchison"
"144","Steve Railsback"
"145","Brian Markinson"
"146","Willie Garson"
"147","Stephen McHattie"
"148","Signy Coleman"
"149","Joe Spano"
"150","Darin Morgan"
"151","John Mahon"
"152","Lindsey Ginter"
"153","Tom O'Brien"
"154","Fredric Lehne"
"155","Joel Palmer"
"156","Kate Twa"
"157","Robert Wisden"
"158","Michael B. Silver"
"159","Michael MacRae"
"160","Blu Mankuma"
"161","Kerry Sandomirsky"
"162","Alex Bruhanski"
"163","Matthew Walker"
"164","Don S. Davis"
"165","Robert Ito"
"166","Karri Turner"
"167","Colleen Winton"
"168","George Touliatos"
"169","Robert Clothier"
"170","Michele Goodger"
"171","Sarah-Jane Redmond"
"172","Chris Nelson Norris"
"173","Scott Allan Campbell"
"174","Tom Butler"
"175","Hiro Kanagawa"
"176","Callum Keith Rennie"
"177","Gabrielle Rose"
"178","Merrilyn Gann"
"179","Allan Lysell"
"180","Fred Henderson"
"181","Robert Rozen"
"182","Karin Konoval"
"183","Sheila Moore"
"184","Renae Morriseau"
"185","Leslie Carlson"
"186","Dean Wray"
"187","Bill Croft"
"188","Robert Thurston"
"189","Susan Bain"
"190","Bob Morrisey"
"191","Gerard Plunkett"
"192","Ron Sauvé"
"193","Jay Brazeau"
"194","Frank C. Turner"
"195","Gabrielle Miller"
"196","Greg Michaels"
"197","Darren McGavin"
"198","Jim Fyfe"
"199","Jerry Wasserman"
"200","Denalda Williams"
"201","Nicole Parker"
"202","Ken Tremblett"
"203","Paul Batten"
"204","Meredith Bain Woodward"
"205","Kate Robbins"
"206","Donna Yamamoto"
"207","Stephen Dimopoulos"
"208","Tyler Labine"
"209","Patricia Dahlquist"
"210","David Cameron"
"211","Alan Robertson"
"212","Lynda Boyd"
"213","Alvin Sanders"
"214","Barry Greene"
"215","Fulvio Cecere"
"216","Robert Moloney"
"217","Tim Henry"
"218","Jane Perry"
"219","Joseph Patrick Finn"
"220","John Maclaren"
"221","Ken Roberts"
"222","Neal McDonough"
"223","Sheila Paterson"
"224","Johnny Cuthbert"
"225","James Leard"
"226","John Payne"
"227","Garvin Cross"
"228","Stuart O'Connell"
"229","Nora Dunn"
"230","Ric Reid"
"231","Suleka Mathew"
"232","Ian Robison"
"233","Alex Shostak Jr."
"234","Janie Woods-Morris"
"235","Gary Hetherington"
"236","BJ Harrison"
"237","Paul Bittante"
"238","Tim Dixon"
"239","Crystal Verge"
"240","George Josef"
"241","Denis Forest"
"242","McNally Sagal"
"243","Katya Gardner"
"244","Michael Rogers"
"245","Lisa Ann Beley"
"246","Peter Lapres"
"247","Dakota House"
"248","Julia Arkos"
"249","Rob Freeman"
"250","Tyler Binkley"
"251","Dara Hollingsworth"
"252","Al Ruscio"
"253","Tom Heaton"
"254","D. Neil Mark"
"255","Roger Haskett"
"256","Ryan Michael"
"257","Mark Saunders"
"258","Jaap Broeker"
"259","Beatrice Zeilanger"
"260","John Trottier"
"261","Tom Scholte"
"262","Brent Sheppard"
"263","David Palffy"
"264","Oliver Becker"
"265","Nancy Kerr"
"266","Frank Ertl"
"267","Maria Herrera"
"268","Kimberly Unger"
"269","Kathleen Duborg"
"270","Linden Banks"
"271","Mark Wilson"
"272","André Daniels"
"273","Joe Maffei"
"274","Bobby Stewart"
"275","Rick Garcia"
"276","Tegan Moss"
"277","Ernie Foort"
"278","Mitchell Davies"
"279","James Yaker"
"280","Tracey Ellis"
"281","Colleen Flynn"
"282","Nick Chinlund"
"283","Mark Rolston"
"284","Donnelly Rhodes"
"285","Leon Russom"
"286","Bob Dawson"
"287","Greg Thirloway"
"288","Robyn Driscoll"
"289","Peter Hanlon"
"290","Marcus Turner"
"291","Paul McGillion"
"292","Jonathan Walker"
"293","Ellie Harvie"
"294","David Kaye"
"295","Laurie Murdoch"
"296","Eileen Pedde"
"297","Carolyn Tweedle"
"298","Andrew Airlie"
"299","Charles Andre"
"300","David Hurtubise"
"301","Myles Ferguson"
"302","Jan Bailey Mattia"
"303","Michael Shamus Wiles"
"304","Roger Allford"
"305","Mar Andersons"
"306","Brenda McDonald"
"307","Norman Armour"
"308","John B. Destry"
"309","Igor Morozov"
"310","Ralph Alderman"
"311","Christopher Wynne"
"312","Michael Ensign"
"313","Lachlan Murdoch"
"314","Guyle Fraizer"
"315","Dean McKenzie"
"316","Paul Raskin"
"317","George Gordon"
"318","Paul Jarrett"
"319","Pat Bermel"
"320","Jason Griffith"
"321","Tim Bissett"
"322","David Abbott"
"323","Allan Franz"
"324","Tony Sampson"
"325","Terry Arrowsmith"
"326","Kurt Max Runte"
"327","Mandy Levin"
"328","Gerry Nairn"
"329","Aurelio Dinunzio"
"330","Mark Holden"
"331","Douglas Stewart"
"332","Timothy Landfield"
"333","Marek Wiedman"
"334","Chapelle Jaffe"
"335","Marty Zagon"
"336","John McConnach"
"337","Jude Zachary"
"338","Stephen Mendel"
"339","Leah Sanders"
"340","Joe Doserro"
"341","Peter Scoular"
"342","Klodyne Rodney"
"343","Ashlynn Rose"
"344","Christopher Hutson"
"345","Cory Chetyrbok"
"346","Sean Campbell"
"347","Bill Clinton"
"348","James McDonnell"
"349","Cameron K. Smith"
"350","Stefan Arngrim"
"351","Jan Rubes"
"352","Jessica Schreier"
"353","Fritz Weaver"
"354","Mecca Menard"
"355","Greg Bronson"
"356","Fuad C'Amanero"
"357","Martin Grey"
"358","Anthony Heald"
"359","Mimi Paley"
"360","Jay Caputo"
"361","Jake Fritz"
"362","Brent Sexton"
"363","Eddie Kaye Thomas"
"364","Judd Trichter"
"365","Randall Bosley"
"366","Megan Corletto"
"367","Jo-Ann Dean"
"368","Christine Firkins"
"369","Marc Gomes"
"370","Jonathan Palmer"
"371","Matthew Sutherland"
"372","Jolie Jenkins"
"373","Lee Reherman"
"374","Steven Anderson"
"375","Jeff Austin"
"376","Denise Crosby"
"377","Lucy Lawless"
"378","Nelson Mashita"
"379","David Purdham"
"380","Christopher Stanley"
"381","Joe Bernier"
"382","Brad Kalas"
"383","Kevin McCorkle"
"384","Barbara Patrick"
"385","Xander Berkeley"
"386","Frederick Coffin"
"387","Harriet Sansom Harris"
"388","Ed Lauter"
"389","Amanda Pays"
"390","Barry Primus"
"391","Carrie Snodgress"
"392","Claire Stansfield"
"393","Christopher Allport"
"394","Jason Beghe"
"395","R.D. Call"
"396","Brad Dourif"
"397","Brent Hinkley"
"398","Zeljko Ivanek"
"399","Ty Miller"
"400","Teryl Rothery"
"401","Paul Sand"
"402","William Sanderson"
"403","Justina Vail"
"404","Bradley Whitford"
"405","Dick Anthony Williams"
"406","Jayne Atkinson"
"407","Peter Boyle"
"408","Dan Butler"
"409","Timothy Carhart"
"410","Helene Clarkson"
"411","Caroline Kava"
"412","Thomas Kopache"
"413","Giovanni Ribisi"
"414","Jim Rose"
"415","John Savage"
"416","Tony Shalhoub"
"417","Charles Martin Smith"
"418","Bruce Weitz"
"419","Bokeem Woodbine"
"420","Bruce A. Young"
"421","Kevin Zegers"
"422","Chris Ellis"
"423","Bobbie Phillips"
"424","Charles Nelson Reilly"
"425","Tucker Smallwood"
"426","Vic Trevino"
"427","Dana Wheeler-Nicholson"
"428","BD Wong"
"429","Richard Belzer"
"430","Joseph Fuqua"
"431","Justine Miceli"
"432","John O'Hurley"
"433","Steven M. Porter"
"434","Rodney Rowland"
"435","Susannah Hoffmann"
"436","Brian Leckner"
"437","Kristin Lehman"
"438","Chad Lindberg"
"439","Glenn Morshower"
"440","Lili Taylor"
"441","Lily Tomlin"
"442","Melinda Culea"
"443","John Diehl"
"444","Chad Donella"
"445","John Hawkes"
"446","Jesse L. Martin"
"447","Jeremy Roberts"
"448","Rodney Scott"
"449","Peter White"
"450","Gina Mastrogiacomo"
"451","Joe Morton"
"452","Marshall Bell"
"453","Michael Cavanaugh"
"454","Cliff De Young"
"455","Michael Bryan French"
"456","Felicity Huffman"
"457","Erika Krievins"
"458","Rob LaBelle"
"459","Donal Logue"
"460","Mark Sheppard"
"461","Susanna Thompson"
"462","Wayne Tippit"
"463","Lisa Waltz"
"464","Scott Bairstow"
"465","Paul Ben-Victor"
"466","Alan Boyce"
"467","John Cygan"
"468","Anne De Salvo"
"469","Steve Eastin"
"470","Mike Gomez"
"471","Michael Horse"
"472","Mimi Lieber"
"473","Micole Mercurio"
"474","Tom O'Rourke"
"475","Leland Orser"
"476","Perrey Reeves"
"477","Sab Shimono"
"478","Cec Verrell"
"479","Daniel Benzali"
"480","Jack Black"
"481","Susan Blommaert"
"482","Sam Bottoms"
"483","Stuart Charno"
"484","Michael Chieffo"
"485","David Cubitt"
"486","Badja Djola"
"487","Walter Gotell"
"488","Wayne Grace"
"489","Lance Guest"
"490","John Milford"
"491","Dean Norris"
"492","Catherine Paolone"
"493","Deborah Strang"
"494","Wendy Benson-Landes"
"495","Raye Birk"
"496","Lucy Liu"
"497","William Lucking"
"498","Carl Lumbly"
"499","Tom Mason"
"500","Janne Mortil"
"501","Tom Noonan"
"502","Levan Uchaneyshvili"
"503","Rubén Blades"
"504","Jodie Foster"
"505","David Groh"
"506","Susan Lee Hoffman"
"507","Mike Nussbaum"
"508","Pattie Tierce"
"509","J.C. Wendel"
"510","Edward Asner"
"511","Garret Dillahunt"
"512","Richard Fitzpatrick"
"513","Kate Luyben"
"514","Jody Racicot"
"515","Diana Scarwid"
"516","Daniel von Bargen"
"517","Luke Wilson"
"518","Abraham Benrubi"
"519","Bruce Campbell"
"520","Scott Cooper"
"521","Thomas F. Duffy"
"522","Lance Henriksen"
"523","Tuesday Knight"
"524","Robyn Lively"
"525","Joel McKinnon Miller"
"526","Mark Pellegrino"
"527","Alyson Reed"
"528","Charles Rocket"
"529","Nestor Serrano"
"530","Richard Cox"
"531","Garry Shandling"
"532","Bellamy Young"
"533","W. Earl Brown"
"534","Wayne Duvall"
"535","Donald Gibb"
"536","Seth Green"
"537","Steve Hytner"
"538","Sabrina Krievins"
"539","Dan Lett"
"540","Gregory Sierra"
"541","Frances Bay"
"542","Matthew Bennett"
"543","Jackson Davies"
"544","George Gerdes"
"545","Ashlyn Gere"
"546","Jon Gries"
"547","Frank Military"
"548","CCH Pounder"
"549","Shawnee Smith"
"550","Peter Stebbings"
"551","Simon Webb"
"552","Titus Welliver"
"553","Maggie Wheeler"
"554","Michael J. Anderson"
"555","Frank Cassini"
"556","Lilyan Chauvin"
"557","Dana Gladstone"
"558","Gary Grubbs"
"559","James Handy"
"560","Vladimir Kulich"
"561","Ernie Lively"
"562","Heather McComb"
"563","Deanna Milligan"
"564","Jack Rader"
"565","Jamil Walker Smith"
"566","Jewel Staite"
"567","John Toles-Bey"
"568","Kenneth Welsh"
"569","Morgan Woodward"
"570","Willie Amakye"
"571","Dion Anderson"
"572","Jo Bates"
"573","R. Nelson Brown"
"574","Adrian G. Griffiths"
"575","Jennifer Hetrick"
"576","James Hong"
"577","Lisa Robin Kelly"
"578","Byrne Piven"
"579","Vic Polizos"
"580","Daniel Quinn"
"581","Kurtwood Smith"
"582","Gordon Tootoosis"
"583","Scott Burkholder"
"584","Christine Cavanaugh"
"585","Raymond Cruz"
"586","Michael Fairman"
"587","Stewart Gale"
"588","Scott Hylands"
"589","Sydney Lassick"
"590","James Sutorius"
"591","David Wohl"
"592","John Apicella"
"593","Katharine Isabelle"
"594","Emily Perkins"
"595","Patrick Renna"
"596","Nicki Aycox"
"597","John Billingsley"
"598","Darren E. Burrows"
"599","Debra Christofferson"
"600","David Denman"
"601","Judith Hoag"
"602","Michael Mantell"
"603","Frank Novak"
"604","Holmes Osborne"
"605","Lisa Jane Persky"
"606","Diana Maria Riva"
"607","Michael Bailey Smith"
"608","John Towey"
"609","Ramy Zada"
"610","Tobin Bell"
"611","Téa Leoni"
"612","Guy Torry"
"613","James Remar"
"614","Lisa Darr"
"615","Michael Emerson"
"616","Cyd Strittmatter"
"617","Jeff Kober"
"618","Terry David Mulligan"
"619","Laurie Paton"
"620","Veena Sood"
"621","Freddy Andreiuci"
"622","Eric Christmas"
"623","Christine Estabrook"
"624","David Hay"
"625","Jimmy Herman"
"626","Graham Jarvis"
"627","Lawrence King-Phillips"
"628","Dennis Lipscomb"
"629","Tuck Milligan"
"630","Jason Schombing"
"631","Dey Young"
"632","Michael Berryman"
"633","Joy Coghill"
"634","Ken Foree"
"635","Matt Hill"
"636","Shaun Johnston"
"637","Kay E. Kuter"
"638","Karen Lorre"
"639","Ken Ryan"
"640","Nancy Sorel"
"641","The Enigma"
"642","Mark Acheson"
"643","Jesse Ventura"
"644","Michael Yama"
"645","Lee de Broux"
"646","Jay Donahue"
"647","Nancy Fish"
"648","Chris Giacoletti"
"649","Nicolle Nattrass"
"650","Jed Rees"
"651","Channon Roe"
"652","Jose Yenque"
"653","Sam Anderson"
"654","Henri Lubatti"
"655","David Moreland"
"656","Jim Beaver"
"657","David Bowe"
"658","Ann Dowd"
"659","Monique Edwards"
"660","Lois Foraker"
"661","Colby French"
"662","Tom Gallop"
"663","Jesse James"
"664","Tony Longo"
"665","Michael Milhoan"
"666","Valente Rodriguez"
"667","David Starwalt"
"668","Kenneth Tigar"
"669","Shannon O'Hurley"
"670","Joanna Sanchez"
"671","Harris Yulin"
"672","Andi Chapman"
"673","John Aylward"
"674","Alan Davidson"
"675","Duncan Fraser"
"676","Terence Kelly"
"677","Ken Kirzinger"
"678","Monica Parker"
"679","Jill Teed"
"680","French Tickner"
"681","David Fresco"
"682","Andrea Libman"
"683","James Sloyan"
"684","Tony Todd"
"685","Nathaniel DeVeaux"
"686","April Grace"
"687","Aloka McLean"
"688","Claire Riley"
"689","Vincent Schiavelli"
"690","Ian Tracey"
"691","Hayley Tyson"
"692","Sarah Sawatsky"
"693","Amanda Tapping"
"694","Danny Kamin"
"695","Simi Mehta"
"696","Anthony Rapp"
"697","William S. Taylor"
"698","Brent Butt"
"699","Cynde Harmon"
"700","Scott Oughterson"
"701","Cynthia Preston"
"702","Jillian Bach"
"703","Lou Beatty Jr."
"704","Tom Bower"
"705","Bill Lee Brown"
"706","Catherine Dent"
"707","William Forward"
"708","Jenny Gago"
"709","Carrie Hamilton"
"710","Shia LaBeouf"
"711","Marnie McPhail"
"712","Silas Weir Mitchell"
"713","Andrew Robinson"
"714","George Sharperson"
"715","Wayne Federman"
"716","J. Patrick McCormack"
"717","Sarah Benoit"
"718","Robert Curtis Brown"
"719","Tyson Turrou"
"720","Kelli Fox"
"721","Philip Maurice Hayes"
"722","Tamsin Kelsey"
"723","Shelley Owens"
"724","Sonny Surowiec"
"725","Jan D'Arcy"
"726","Frank Ferrucci"
"727","Bob Frazer"
"728","Peter Anderson"
"729","R. Lee Ermey"
"730","Peter Flemming"
"731","Suzy Joachim"
"732","Jacques Lalonde"
"733","Travis MacDonald"
"734","Robert Metcalfe"
"735","Paula Shaw"
"736","Jody St. Michael"
"737","J.T. Walsh"
"738","Jason Gaffney"
"739","Kasper Michaels"
"740","Zakes Mokae"
"741","Sebastian Spence"
"742","Terry Barclay"
"743","Jillian Fargey"
"744","Dana Grahame"
"745","Lillian Hurst"
"746","Fred Keating"
"747","William Nunn"
"748","John Oliver"
"749","Jonathan Whittaker"
"750","Douglas Arthurs"
"751","Martin Ferrero"
"752","Leslie Jones"
"753","Eric Keenleyside"
"754","Ty Olsson"
"755","Joe Pascual"
"756","Peter Williams"
"757","James M. Connor"
"758","Chasen Hampton"
"759","Roger W. Morrissey"
"760","David Michael Mullins"
"761","Casey O'Neill"
"762","Nichole Pelerine"
"763","Burnell Roques"
"764","Murray Rubinstein"
"765","Jeffrey Schoeny"
"766","Nick Tate"
"767","Brittany Tiplady"
"768","David Wells"
"769","Nicholas Worth"
"770","Paul Lieber"
"771","Jack Shearer"
"772","Tim Halligan"
"773","Stephen Bridgewater"
"774","Paul Vincent O'Connor"
"775","James Bell"
"776","Janet Hodgkinson"
"777","Lalainia Lindbjerg"
"778","Keegan MacIntosh"
"779","Tom Pickett"
"780","Dave Adams"
"781","Lisa Bunting"
"782","Phillip MacKenzie"
"783","Barbara Pollard"
"784","Lisa Vultaggio"
"785","Kevin Conway"
"786","Tim Progosh"
"787","Greg Rogers"
"788","Garrison Christiohn"
"789","Edward Diaz"
"790","Derek Lowe"
"791","Judith Maxie"
"792","Ryan Reynolds"
"793","Ari Solomon"
"794","Alex Trebek"
"795","Zoran Vukelic"
"796","Allan Gray"
"797","Jean-Yves Hammel"
"798","Timur Karabilgin"
"799","Alison Matthews"
"800","Jennifer Sterling"
"801","Patti Allan"
"802","Rob Daprocida"
"803","Kurt Evans"
"804","John B. Lowe"
"805","Christopher Neiman"
"806","Chris Ufland"
"807","Tim Bagley"
"808","Yau-Gene Chan"
"809","Michael Chinyamurindi"
"810","Dick Clark"
"811","Christopher Dahlberg"
"812","Max Kasch"
"813","Les Lannom"
"814","Dom Magwili"
"815","Mik Scriba"
"816","M. Emmet Walsh"
"817","Kerry Zook"
"818","Lee Duncan"
"819","James Rekart"
"820","David Faustino"
"821","Arthur J. Nascarella"
"822","Adam Nelson"
"823","Stephen Snedden"
"824","Alexandra Berlin"
"825","Bill Finck"
"826","David Kirby"
"827","Akiko Morison"
"828","Tony Pantages"
"829","Nicola Cavendish"
"830","Torben Rolfsen"
"831","Elisabeth Rosen"
"832","Gerry Rousseau"
"833","Richard Sali"
"834","Howard Storey"
"835","Sarah Strange"
"836","Chad Willett"
"837","Sidonie Boll"
"838","Jacqueline Dandeneau"
"839","Emanuel Hajek"
"840","Rob Lee"
"841","Randi Lynne"
"842","A.J. Buckley"
"843","Donald Fong"
"844","Kenny James"
"845","Terrance Leigh"
"846","Danny Wattley"
"847","Frank Welker"
"848","Tracey Bell"
"849","Jabin Litwiniec"
"850","Addison Ridge"
"851","Felicia Shulman"
"852","Tyler Thompson"
"853","Glenn Williams"
"854","Jason Diablo"
"855","Patrick Keating"
"856","Kim Robillard"
"857","Greta Fadness"
"858","Lennie Loftin"
"859","Marshall Manesh"
"860","Marilyn McIntyre"
"861","Robert Peters"
"862","Suanne Spoke"
"863","Tuan Tran"
"864","Tom Virtue"
"865","Cynthia Martells"
"866","Tim Roe"
"867","Troy Mittleider"
"868","Matthew Glave"
"869","Shannon Hile"
"870","Kelly McNair"
"871","Zuleikha Robinson"
"872","Taunya Dee"
"873","Tina Gilbertson"
"874","Christopher Gray"
"875","Tyronne L'Hirondelle"
"876","Rob Morton"
"877","Freda Perry"
"878","Theodore Thomas"
"879","Dmitri S. Boudrine"
"880","Gillian Carfra"
"881","Kathrynn Chisholm"
"882","Brenda Crichlow"
"883","Anna Hagan"
"884","Jaylene Hamilton"
"885","Dwight Koss"
"886","Aundrea MacDonald"
"887","Iris Quinn"
"888","Richard Yee"
"889","Andrea Barclay"
"890","Franky Czinege"
"891","Tom Glass"
"892","Alvin Law"
"893","David MacKay"
"894","Nicole Robert"
"895","John Tench"
"896","Robert Underwood"
"897","Ryk Brown"
"898","Russell Ferrier"
"899","Maxine Guess"
"900","Diana Ha"
"901","Carly McKillip"
"902","Lloyd Berry"
"903","Rebecca Harker"
"904","Patricia Idlette"
"905","Michael Kopsa"
"906","Simon Longmore"
"907","Lorraine Landry"
"908","Robert Luft"
"909","Veronika Stocker"
"910","Arthur Taxier"
"911","Ernie Lee Banks"
"912","Allen Cutler"
"913","Juliana Donald"
"914","Jerry Giles"
"915","Dan Klass"
"916","Dana Lee"
"917","Monnae Michaell"
"918","Kevin Porter"
"919","Sheila Tousey"
"920","Paul Willson"
"921","Rachel Winfree"
"922","Roger Hewlett"
"923","Barry K. Thomas"
"924","Lou Richards"
"925","David Fabrizio"
"926","Damon Kaylor"
"927","Carol Kiernan"
"928","Paul DesRoches"
"929","Paul Joyce"
"930","Jayme Knox"
"931","Nora McLellan"
"932","Vince Metcalfe"
"933","Christine Upright-Letain"
"934","Courtney Arciaga"
"935","Cameron Labine"
"936","Randy Lee"
"937","William Mackenzie"
"938","Mike Mitchell"
"939","John R. Taylor"
"940","Greg Anderson"
"941","Denny Arnold"
"942","Bernie Coulson"
"943","Laura Harris"
"944","Corrine Koslo"
"945","Maggie Blue O'Hara"
"946","Dolly Scarr"
"947","Stephen Chang"
"948","Neil Denis"
"949","Stacy Grant"
"950","Bill Mackenzie"
"951","Jeremy Radick"
"952","Allan Zinyk"
"953","Shelley Adam"
"954","Kenneth H. Hawryliw"
"955","Marcus Hondro"
"956","Murrey Rabinovitch"
"957","Miriam Smith"
"958","Lisa Stewart"
"959","Dalias Blake"
"960","Alan Henry Brown"
"961","Tracy Elofson"
"962","Steve Griffith"
"963","Ron Halder"
"964","Jill Krop"
"965","Gardiner Millar"
"966","Ted White"
"967","Keith Brunsmann"
"968","Chris Fogleman"
"969","Mark Matthias"
"970","Susana Mercedes"
"971","Walter Phelan"
"972","Lisa Picotte"
"973","Brian Reddy"
"974","Susan Slome"
"975","Octavia Spencer"
"976","Tina M. Ameduri"
"977","Danny Trejo"
"978","Annie Abbott"
"979","Eric Don"
"980","Marcus Giamatti"
"981","Michael Patterson"
"982","Anna Ferguson"
"983","Glen Roald"
"984","Scott Swanson"
"985","Tosca Baggoo"
"986","Alexander Boynton"
"987","Grai Carrington"
"988","Alex Doduk"
"989","Mikal Dughi"
"990","Gustavo Moreno"
"991","David Petersen"
"992","Ernie Prentice"
"993","Len Rose"
"994","Diana Stevan"
"995","Kim Kondrashoff"
"996","Lori Triolo"
"997","Sean Allan"
"998","Cory Fry"
"999","Michael O'Shea"
"1000","Russell Porter"
"1001","Paul Wong"
"1002","David Freedman"
"1003","Jennifer Jasey"
"1004","Janeth Muniz"
"1005","Xantha Radley"
"1006","Robert Wright"
"1007","Christine Anton"
"1008","Ted Cole"
"1009","Scott Eberlein"
"1010","Michelle Hart"
"1011","Elizabeth McCarthy Meek"
"1012","Armin Moattar"
"1013","Phil Abrams"
"1014","Gabriel Clifton"
"1015","Chet Grissom"
"1016","Lamont Johnson"
"1017","James Newman"
"1018","Tim Van Pelt"
"1019","Romy Windsor"
"1020","Bill Millar"
"1021","Shane Sinutko"
"1022","Rueben Grundy"
"1023","Mary Margaret Lewis"
"1024","John Prosky"
"1025","Marcie Lynn Ross"
"1026","Kiersten Van Horne"
"1027","Brian Furlong"
"1028","Jane MacDougall"
"1029","Mauricio Mercado"
"1030","Sean O'Byrne"
"1031","Robin Douglas"
"1032","Russ Hamilton"
"1033","John Tierney"
"1034","Andre Danyliu"
"1035","Rochelle Greenwood"
"1036","Darren Lucas"
"1037","Douglas Smith"
"1038","Pamela Diaz"
"1039","C. Ernst Harth"
"1040","Alex Haythorne"
"1041","Christopher Newton"
"1042","Grant Gladish"
"1043","Eddie Jackson"
"1044","Tracy Lively"
"1045","Wendie Malick"
"1046","Keith Coulouris"
"1047","Al Kaplon"
"1048","Cary Pfeffer"
"1049","Stephen Ramsey"
"1050","Treva Tegtmeier"
"1051","Richard Zobel"
"1052","James Howell"
"1053","Kerrie Keane"
"1054","Dallas Munroe"
"1055","James Parks"
"1056","Robbie Troy"
"1057","Doc Harris"
"1058","Steve Adams"
"1059","Claude De Martino"
"1060","David Livingstone"
"1061","Prince Maryland"
"1062","Brian Knox McGugan"
"1063","Kiara Hunter"
"1064","Bill Rowat"
"1065","Cam Cronin"
"1066","Mina E. Mina"
"1067","Wren Roberts"
"1068","Joel Silverstone"
"1069","Rebecca Codling"
"1070","Don McWilliams"
"1071","Fabricio Santin"
"1072","Jerry Springer"
"1073","Sean Benbow"
"1074","Cory Dagg"
"1075","Richard Leacock"
"1076","Jeff Bowser"
"1077","Nasser Faris"
"1078","Terri Merryman"
"1079","Eulan Middlebrooks"
"1080","Robb Reesman"
"1081","Damon Saleem"
"1082","Adrienne Wilde"
"1083","Brien Blakely"
"1084","Elijah Mahar"
"1085","Shane Nickerson"
"1086","Pamela Kay Davis"
"1087","Keith Forster"
"1088","Dan Shor"
"1089","Michael Craven Wells"
"1090","John Harris"
"1091","Catherine Lough Haggquist"
"1092","David Thomson"
"1093","Yasuo Sakurai"
"1094","Frances Flanagan"
"1095","David Neale"
"1096","Tanya Huse"
"1097","Jon Raitt"
"1098","Joey Shea"
"1099","José Vargas"
"1100","Eric W. Gilder"
"1101","Mike Rad"
"1102","Michal Suchánek"
"1103","Ed Corbin"
"1104","Michael Dempsey"
"1105","Daniel Ducovny"
"1106","Jason Felipe"
"1107","Jonathan Fraser"
"1108","Samuel Kwaku Minta"
"1109","Valarie Pettiford"
"1110","Derick Alexander"
"1111","Pamela Paulshock"
"1112","Danielle Savre"
"1113","Jason Waters"
"1114","Ryan DeBoer"
"1115","Tony Dean Smith"
"1116","Freeman Michaels"
"1117","Rick Millikan"
"1118","Lisa Joann Thompson"
"1119","Max Wyman"
"1120","Ayo Adeyemi"
"1121","Julie Hubert"
"1122","Chris Kohn"
"1123","Robert Lipton"
"1124","Luis Rodriguez"
"1125","Nick Campisano"
"1126","Aaron D. Spears"
"1127","Michael Edward Thomas"
"1128","Kim Restell"
"1129","Robert F. Maier"
"1130","Heather McCarthy"
"1131","Dawn Stofer-Rupp"
"1132","Barbara Dyke"
"1133","Patrick J. Phillips"
"1134","Greg Smith"
"1135","Wayne Thomas Yorke"
"1136","Kalena Coleman"
"1137","Mickey Knox"
"1138","Ken Medlock"
"1139","Benjamin A. Onyango"
"1140","Kayla Henry"
"1141","Stephanie Herrera"
"1142","Robert Joseph"
"1143","Richard Sargent"
"1144","Jeff Chivers"
"1145","Fiona Roeske"
"1146","Paul Moniz de Sa"
"1147","Jeffrey T. Unterkofler"
"1148","Julie Griffith"
"1149","Scott Williamson"
"1150","Nolan Irwin"
"1151","Cody Lightning"
"1152","Thomas Schnauz"
"1153","David L. Gordon"
"1154","Benita Ha"
"1155","Ralph Meyering Jr."
"1156","Derek Versteeg"
"1157","Jo Jacob"
"1158","Kerric Macdonald"
"1159","Sharayah Montgomery"
"1160","Ian Victor"
"1161","Orest Blajkevitch"
"1162","Jack Finn"
"1163","Nick Lashaway"
"1164","Benito Martinez"
"1165","Mark Bramhall"
"1166","Jack Bensinger"
"1167","Patrick St. Esprit"
"1168","Bonnie McNeil"
"1169","William Devane"
"1170","John Eric Bentley"
"1171","Gary Newton"
"1172","Todd Cornborough"
"1173","Tyler Cornborough"
"1174","River Ferreira"
"1175","Sharon Alexander"
"1176","Geoffrey Aye-Bonte"
"1177","Fred Beale"
"1178","Richard Beymer"
"1179","David Bloom"
"1180","Ron Chartier"
"1181","Kristen Cloke"
"1182","Michael Cram"
"1183","Douglas Roy Dack"
"1184","Les Gallagher"
"1185","Scott Heindl"
"1186","O-Lan Jones"
"1187","John Juliani"
"1188","Pamela MacDonald"
"1189","Michael Massee"
"1190","Arlene Mazerolle"
"1191","Michele Melland"
"1192","Rachel Miner"
"1193","Christopher Royal"
"1194","Lee Serpa"
"1195","Olesky Shostak"
"1196","Don Stewart"
"1197","Marie Stillin"
"1198","Andy Thompson"
"1199","Pruitt Taylor Vince"
"1200","Morgan Weisser"
"1201","Donna White"
"1202","Dan Zukovic"
"1203","Axl Aartsen"
"1204","Sean Allen"
"1205","Tina Amayo"
"1206","Julie Bond"
"1207","Peter Bryant"
"1208","Jennifer Clement"
"1209","Marjorie Lovett"
"1210","David Lovgren"
"1211","Paul McCrane"
"1212","Marites Pineda"
"1213","Laara Sadiq"
"1214","Regy Sayhay"
"1215","Tanya Schuetz"
"1216","Tricia Schuetz"
"1217","Peter Stenning"
"1218","Peter Taraviras"
"1219","Kerry van der Griend"
"1220","Timothy Dale Agee"
"1221","Robert Arce"
"1222","Michael Arturo"
"1223","Artine Brown"
"1224","Junior Brown"
"1225","Laurie Brunetti"
"1226","Frank Buckley"
"1227","Ken Collins"
"1228","Mark Craig"
"1229","Bryan Cranston"
"1230","Harry Danner"
"1231","Kory Dunlap"
"1232","Jonny Rees"
"1233","Guido Foehrweisser"
"1234","Trevor Goddard"
"1235","Madison Mason"
"1236","Bryan Massey"
"1237","Nick Meaney"
"1238","Johan-Carl Nowack"
"1239","Michael O'Neill"
"1240","Lynne Oropeza"
"1241","Art Pickering"
"1242","Wiley M. Pickett"
"1243","Linda Porter"
"1244","Annette Reilly"
"1245","Mindy Seeger"
"1246","Isaac C. Singleton Jr."
"1247","Scott Alan Smith"
"1248","G.W. Stevens"
"1249","Janine Venable"
"1250","Tegan West"
"1251","Kai Wulff"
"1252","Anthony Anselmi"
"1253","Ange Billman"
"1254","Dirk Blocker"
"1255","David Brisbin"
"1256","Andrew Cavarno"
"1257","Steven Cavarno"
"1258","Dominique DiPrima"
"1259","Glen Eberspecher"
"1260","Nicky Fane"
"1261","Mo Gallini"
"1262","Brian George"
"1263","Dan Gifford"
"1264","Javier Grajeda"
"1265","Fritz Greve"
"1266","Frankie Ingrassia"
"1267","Victoria Jackson"
"1268","Brian Johnson"
"1269","JoNell Kennedy"
"1270","Geoffrey Lewis"
"1271","Sharon Madden"
"1272","David Manis"
"1273","Naomi Matsuda"
"1274","Lenora May"
"1275","Tom McFadden"
"1276","Coby Ryan McLaughlin"
"1277","Bobby Moynahan"
"1278","Durrell Nelson"
"1279","Abdoulaye NGom"
"1280","Anthony Okungbowa"
"1281","Grace Phillips"
"1282","Lyon Reese"
"1283","Conrad Roberts"
"1284","Clayton Rohner"
"1285","Thomas Rosales Jr."
"1286","Michael Rothhaar"
"1287","Richard Ruccolo"
"1288","Henry Schwartz"
"1289","James Staszkiel"
"1290","Sally Stevens"
"1291","Karen Stone"
"1292","Mari Weiss"
"1293","Barry Wiggins"
"1294","Dell Yount"
"1295","Krista Allen"
"1296","Sage Allen"
"1297","Erich Anderson"
"1298","Stanley Anderson"
"1299","Lisa Arch"
"1300","Fort Atkinson"
"1301","Tom Bailey"
"1302","Maggie Baird"
"1303","Carol Banker"
"1304","Steven Barr"
"1305","Gretchen Becker"
"1306","Ed Beechner"
"1307","Kevin L. Beggs"
"1308","Brett Bell"
"1309","John Bisom"
"1310","Clement Blake"
"1311","Cory Blevins"
"1312","Dennis Boutsikaris"
"1313","Michael Bower"
"1314","Lombardo Boyar"
"1315","Aaron Braxton"
"1316","Eve Brenner"
"1317","Tara Buck"
"1318","Eric Buker"
"1319","Gary Bullock"
"1320","Curtis C."
"1321","Michael Canavan"
"1322","María Celedonio"
"1323","Mark Chaet"
"1324","Marie Chambers"
"1325","Brian Chenoweth"
"1326","Michael Childers"
"1327","Patience Cleveland"
"1328","Randall 'Tex' Cobb"
"1329","Darin Cooper"
"1330","Rick Cramer"
"1331","Barry Cullison"
"1332","Tom Dahlgren"
"1333","Kim Darby"
"1334","J. David"
"1335","Rick Deats"
"1336","Pat Destro"
"1337","Bryan Dilbeck"
"1338","Elyse Donalson"
"1339","Billy Drago"
"1340","Gene Dynarski"
"1341","Rodney Eastman"
"1342","Ashley Edner"
"1343","Daniel Emmett"
"1344","Bradford English"
"1345","Art Evans"
"1346","Phyllis Franklin"
"1347","Dee Freeman"
"1348","Billy Ray Gallion"
"1349","Spencer Garrett"
"1350","James Geralden"
"1351","William Gibson"
"1352","Pamela Gordon"
"1353","Beth Grant"
"1354","David Barry Gray"
"1355","Kim Greist"
"1356","Kathy Griffin"
"1357","Stacy Haiduk"
"1358","Jim Hanna"
"1359","John Harnagel"
"1360","Paul Hayes"
"1361","Grant Heslov"
"1362","Jim Hetz"
"1363","Rebecca Holland"
"1364","Stephen Hornyak"
"1365","Sherri Howard"
"1366","Charles Hoyes"
"1367","Michael Hungerford"
"1368","Curtis Jackson"
"1369","Chris Jacobs"
"1370","Colton James"
"1371","Ricky Jay"
"1372","Cara Jedell"
"1373","Todd Jeffries"
"1374","Stevie Johnson"
"1375","Cassius Joyner"
"1376","Duke Joyner"
"1377","Michelle Joyner"
"1378","Tara Karsian"
"1379","Dennis Keiffer"
"1380","Andrea Kelly"
"1381","Wayne King"
"1382","Dylan Kussman"
"1383","Robert LaSardo"
"1384","Louise Latham"
"1385","Gene LeBell"
"1386","Dan Leegant"
"1387","Lawrence LeJohn"
"1388","Philip Lenkowsky"
"1389","Jonathan Levit"
"1390","Peter Macdissi"
"1391","John Mack"
"1392","Arlene Malinowski"
"1393","Jim Maniaci"
"1394","Dan Manning"
"1395","Ron Marasco"
"1396","John Marrott"
"1397","Jamie Marsh"
"1398","Rick Marzan"
"1399","Donna May"
"1400","Kevin McClatchy"
"1401","Jack McGee"
"1402","Kate McNeil"
"1403","John Mese"
"1404","Regan Metoyer"
"1405","Christopher Michael"
"1406","Tracy Middendorf"
"1407","Judson Mills"
"1408","Shareen Mitchell"
"1409","Paul Moncrief"
"1410","James Morrison"
"1411","Eric Nenninger"
"1412","Christopher Ng"
"1413","John O'Brien"
"1414","Annie O'Donnell"
"1415","Conor O'Farrell"
"1416","William O'Leary"
"1417","Randy Oglesby"
"1418","Mary Ostrow"
"1419","F. William Parker"
"1420","Cory Parravano"
"1421","Kyle Pepi"
"1422","Ryan Pepi"
"1423","Greg Poland"
"1424","Lawrence Pressman"
"1425","Steve Rankin"
"1426","Bryan Rasmussen"
"1427","Frankie Ray"
"1428","Craig Rees"
"1429","Dan Rice"
"1430","Emilio Rivera"
"1431","Arthur Rosenberg"
"1432","Richard Rossi"
"1433","Leslie S. Sachs"
"1434","Will Sasso"
"1435","David Sawyer"
"1436","Wendy Schaal"
"1437","Jacqueline Schultz"
"1438","Rusty Schwimmer"
"1439","Sheila Shaw"
"1440","Michael Sidney"
"1441","J.W. Smith"
"1442","Norman Smith"
"1443","Paula Sorge"
"1444","Steve Stapenhorst"
"1445","Dylan Stjepovic"
"1446","Nicolas Stratton"
"1447","Nicolas Surovy"
"1448","Keith Szarabajka"
"1449","Elayn J. Taylor"
"1450","Mark Thompson"
"1451","Nancy Tiballi"
"1452","Ryan Todd"
"1453","Andy Umberger"
"1454","Rob Van Dam"
"1455","Scott Vance"
"1456","John Michael Vaughn"
"1457","Adam Vernier"
"1458","Perla Walter"
"1459","Kevin Weisman"
"1460","Caryn West"
"1461","Cheryl White"
"1462","Dondre Whitfield"
"1463","Jim Cody Williams"
"1464","Matthew T. Wilson"
"1465","Scott Wilson"
"1466","Jeff Xander"
"1467","Hilary Rose Zalman"
"1468","Constance Zimmer"
"1469","Tony Adelman"
"1470","Samaire Armstrong"
"1471","Erick Avari"
"1472","Joe Basile"
"1473","Dayna Beilenson"
"1474","Casey Biggs"
"1475","Greg Boniface"
"1476","Michael Bowen"
"1477","Gibby Brand"
"1478","Gary Bristow"
"1479","Veronica Brown"
"1480","Ron Canada"
"1481","John Casino"
"1482","Diana Castle"
"1483","Heather Charles"
"1484","Elizabeth Cheap"
"1485","Tamara Clatterbuck"
"1486","Gil Colon"
"1487","Karen Constantine"
"1488","Gregory Cruz"
"1489","Ryan Cutrona"
"1490","Jane Daly"
"1491","Dan Desmond"
"1492","Dale Dickey"
"1493","Larry Dorf"
"1494","David Doty"
"1495","Aeryk Egan"
"1496","Devlin Elliott"
"1497","Amanda Fein"
"1498","Caitlin Fein"
"1499","Frances Fisher"
"1500","Megan Follows"
"1501","Jack Forbes"
"1502","Jacob Franchek"
"1503","James Franco"
"1504","M.C. Gainey"
"1505","Wendy Gazelle"
"1506","Mary Kathleen Gordon"
"1507","Christopher Graves"
"1508","Kevin Graves"
"1509","Zach Grenier"
"1510","Jennifer Griffin"
"1511","Arye Gross"
"1512","Noel Gugliemi"
"1513","Dylan Haggerty"
"1514","Jennifer Hammon"
"1515","Cheryl Francis Harrington"
"1516","Hank Harris"
"1517","Rikki Held"
"1518","Rowdy Held"
"1519","Dwight Hicks"
"1520","Andy Hubbell"
"1521","Bill Jacobson"
"1522","Ken Jenkins"
"1523","Penny Johnson Jerald"
"1524","Tom Jourden"
"1525","Tonja Kahlens"
"1526","Lisa Kaseman"
"1527","Karon Kearney"
"1528","Tony Ketcham"
"1529","Patrick Kilpatrick"
"1530","Ashley Knutson"
"1531","Caroline Lagerfelt"
"1532","Melissa Lefante"
"1533","Adam Lieberman"
"1534","Ming Lo"
"1535","Kevin Loomis"
"1536","Jane Lynch"
"1537","Scott MacDonald"
"1538","Shelley Mack"
"1539","Jordan Marder"
"1540","Alexandra Margulies"
"1541","Rich Marotta"
"1542","Thomas R. Martin"
"1543","Richard McGonagle"
"1544","Michael McGrady"
"1545","Louise Melilli"
"1546","Kenneth Meseroll"
"1547","David Michie"
"1548","Reece Morgan"
"1549","Jonathan Murad"
"1550","James Otis"
"1551","Jennifer Parsons"
"1552","Angela Paton"
"1553","Aaron Paul"
"1554","Colleen Quinn"
"1555","Natalie Radford"
"1556","Kiran Rao"
"1557","Ben Reed"
"1558","Calvin Remsberg"
"1559","Larry Rippenkroeger"
"1560","Randy Ross"
"1561","Deep Roy"
"1562","Vyto Ruginis"
"1563","Joe Sabatino"
"1564","Miguel Sandoval"
"1565","Ric Sarabia"
"1566","Mimi Savage"
"1567","Judith Scott"
"1568","Cynthia Shadix"
"1569","Jerry Shiban"
"1570","Wyatt Smith"
"1571","Maura Soden"
"1572","Andrei Sterling"
"1573","Winston Story"
"1574","Austin Tichenor"
"1575","Saxon Trainor"
"1576","Jay Underwood"
"1577","Ty Upshaw"
"1578","Luis Villalta"
"1579","Nicholas Walker"
"1580","Randy Walker"
"1581","Jordan Warkol"
"1582","Kellie Waymire"
"1583","Michael Welch"
"1584","Kevin E. West"
"1585","Bernard White"
"1586","Mary Wickliffe"
"1587","Steve Wilcox"
"1588","Branden Williams"
"1589","Justin Williams"
"1590","Wade Williams"
"1591","Chad Wingerd"
"1592","Michael Wiseman"
"1593","Roz Witt"
"1594","Bruce Wright"
"1595","Karl T. Wright"
"1596","Jane Yamamoto"
"1597","Eduardo Antonio Garcia"
"1598","Jack Blessing"
"1599","Katy Boyer"
"1600","Shannon Maureen Brown"
"1601","Brian Catalano"
"1602","Joe Colligan"
"1603","Amy D'Allessandro"
"1604","Alfred De Contreras"
"1605","Nick DeMarinis"
"1606","David Figlioli"
"1607","Gavin Fink"
"1608","Steven Flynn"
"1609","Ramón Franco"
"1610","Ernesto Gasco"
"1611","Avery Glymph"
"1612","Ellen Greene"
"1613","Randy Hall"
"1614","Jacob Handy"
"1615","Zachary Handy"
"1616","Michele Harrell"
"1617","Charlie Hartsock"
"1618","Scott Heathcote"
"1619","Fitz Houston"
"1620","Kathryn Joosten"
"1621","Bo Kane"
"1622","John Kapelos"
"1623","Zitto Kazann"
"1624","Kelly Knox"
"1625","Ana Maria Lagasca"
"1626","James Logan"
"1627","Kate Lombardi"
"1628","Ray McKinnon"
"1629","Jamie McShane"
"1630","Esther Mercado"
"1631","Brian Morri"
"1632","Joe Nieves"
"1633","Cyril O'Reilly"
"1634","Scott Paulin"
"1635","Jared Poe"
"1636","Brian Poth"
"1637","Brianne Prather"
"1638","Benito Prezia"
"1639","Burt Reynolds"
"1640","F.J. Rio"
"1641","Rene Rivera"
"1642","Luis Robledo"
"1643","Lucy Rodriguez"
"1644","Frank Roman"
"1645","Steve Ryan"
"1646","Cynthena Sanders"
"1647","Stan Shaw"
"1648","Kipp Shiotani"
"1649","Allison Smith"
"1650","Christian Svensson"
"1651","Don Swayze"
"1652","Cara Tripicchio"
"1653","Christine Tripicchio"
"1654","Larry Udy"
"1655","George Wallace"
"1656","Beth Watson"
"1657","Vernee Watson"
"1658","Kari Whitman"
"1659","Del Zamora"
"1660",NA
"1661","Finn Michael"
"1662","Stanley Walsh"
"1663","Peter Nicholas"
"1664","Vitaly Kravchenko"
"1665","Willy Ross"
"1666","Dean Chambers"
"1667","Rhys Huber"
"1668","Eddie Hardy"
"1669","Selina Williams"
"1670","Chris Carter"
"1671","Lindsay Bourne"
"1672","D. Harlan Cutshall"
"1673","Isaac Wildsmith"
"1674","Jeremy Wildsmith"
"1675","Oliver Wildsmith"
"1676","Stacee Copeland"
"1677","John Dadey"
"1678","Tim O'Halloran"
"1679","Michael St. John Smith"
"1680","Henry O. Watson"
"1681","Constance Barnes"
"1682","Oscar Goncalves"
"1683","Casey F. Murphy"
"1684","Mark Schooley"
"1685","Michael Bublé"
"1686","Richard Hersley"
"1687","Liza Huget"
"1688","Richard Nixon"
"1689","Joseph McCarthy"
"1690","Cheryl McNamara"
"1691","Stacy Fair"
"1692","Dave Hannay"
"1693","Ashley Montagu"
"1694","Vladimir Stefoff"
"1695","Gary Harmon"
"1696","Patricia Steffy"
"1697","David C. Fisher"
"1698","Diane Brown"
"1699","Carrie Classen"
"1700","Jason Gray-Stanford"
"1701","Mark Kandborg"
"1702","Jessica Murdoch"
"1703","Derek Peakman"
"1704","Cody Serpa"
"1705","June B. Wilde"
"1706","Kelly Aisenstat"
"1707","Brianne Benitz"
"1708","Richard C. Burton"
"1709","Tali Cherniawsky"
"1710","Benjamin Glenday"
"1711","Joshua Murray"
"1712","Ron Popeil"
"1713","Jonathan Silver Scott"
"1714","Peta Brookstone"
"1715","Byron Chief-Moon"
"1716","Eryn Collins"
"1717","Cavan Cunningham"
"1718","Paul Dickson"
"1719","Beverley Elliott"
"1720","Josh Epstein"
"1721","L. Harvey Gold"
"1722","Kelly Irving"
"1723","Brennan Kotowich"
"1724","Mig Macario"
"1725","Adrien Malebranche"
"1726","Alexa Mardon"
"1727","Victoria Maxwell"
"1728","Tim Michel"
"1729","Brandon Obray"
"1730","Bruce Pinard"
"1731","Aaron Poole"
"1732","P.J. Prinsloo"
"1733","Alfonso Quijada"
"1734","Doris Rands"
"1735","Kenji Shimizu"
"1736","Blair Slater"
"1737","David Stuart"
"1738","Veronika Sztopa"
"1739","Warren Takeuchi"
"1740","Devin Walker"
"1741","Brad Wattum"
"1742","Leanne Adachi"
"1743","Paul J. Andersen"
"1744","Anthony Ashbee"
"1745","Brian Barry"
"1746","Dexter Bell"
"1747","Maria Bitamba"
"1748","John Milton Branton"
"1749","Tatiana Chekhova"
"1750","Peg Christopherson"
"1751","Ross Clarke"
"1752","Deborah Ludwig Davis"
"1753","Angela Donahue"
"1754","Ross Douglas"
"1755","Mike Fields"
"1756","Jano Frandsen"
"1757","Bathsheba Garnett"
"1758","Mark Gibbon"
"1759","Dave Grohl"
"1760","John Hainsworth"
"1761","Ed Hong-Louie"
"1762","Janyse Jaud"
"1763","Erin Jeffery"
"1764","Robert F. Kennedy"
"1765","Martin Luther King"
"1766","Karen Kruper"
"1767","Darcy Laurie"
"1768","Nancy J. Lilley"
"1769","Celine Lockhart"
"1770","Christopher Lovick"
"1771","Murray Lowry"
"1772","Henry Mah"
"1773","Tony Marr"
"1774","Ian Marsh"
"1775","Ian Alexander Martin"
"1776","Kevin McCrae"
"1777","Frank McGowan"
"1778","Peter Mele"
"1779","Zinaid Memisevic"
"1780","Rick Morwick"
"1781","Dawn Murphy"
"1782","Sean C. Murphy"
"1783","Sonia Norris"
"1784","Amanda O'Leary"
"1785","Steve Oatway"
"1786","Dana Pemberton"
"1787","Nina Roman"
"1788","Bobbi Rowntree"
"1789","John Samson"
"1790","Tomoko Sato"
"1791","Bethoe Shirkoff"
"1792","Dina Spybey-Waters"
"1793","Cal Traversy"
"1794","Sandy Tucker"
"1795","Chris Turner"
"1796","Nathan Vanering"
"1797","Christine Viner"
"1798","Craig Warkentin"
"1799","Robert Weiss"
"1800","Jordan Lee Williams"
"1801","Shannon Woelk"
"1802","Don Ackerman"
"1803","Bill Agnew"
"1804","Paul Anderson"
"1805","Zoe Anderson"
"1806","Melanie Angel"
"1807","Catherine Barroll"
"1808","Austin Basile"
"1809","Bob Boyd"
"1810","Rita Bozi"
"1811","Jennifer Bradsen"
"1812","Ian Brown"
"1813","Eric Buermeyer"
"1814","Fidel Castro"
"1815","Marilyn Chin"
"1816","Maria Luisa Cianni"
"1817","Arthur Corber"
"1818","Melanie Doerr"
"1819","Jo-Ann Fernandes"
"1820","Erin Fitzgerald"
"1821","Peter Hall"
"1822","Tom Harkin"
"1823","Nicholas Harrison"
"1824","Barry 'Bear' Horton"
"1825","Mia Ingimundson"
"1826","Lyndon Johnson"
"1827","Ken Jones"
"1828","John F. Kennedy"
"1829","Ted Kennedy"
"1830","Eric Knight"
"1831","Stewart Laine"
"1832","Andrew Laurenson"
"1833","Gwenda Lorenzetti"
"1834","Donny James Lucas"
"1835","Earl Maddox"
"1836","Sterling McKay"
"1837","Jeff McLeod"
"1838","Fawnia Mondey"
"1839","Peter J. Nadler"
"1840","Greg Neumeyer"
"1841","John Nolan"
"1842","Marilyn Norry"
"1843","Jonathan Palis"
"1844","Sean Pritchard"
"1845","Theresa Puskar"
"1846","Isabel Ramírez"
"1847","Kathy Rolheiser"
"1848","Reginald Colin Rowley"
"1849","Carl Sagan"
"1850","Tony Sagastizado I"
"1851","Dan Shea"
"1852","Michael Short"
"1853","Michael Short"
"1854","Laurie Soper"
"1855","Carla Stewart"
"1856","Moneca Stori"
"1857","Natasha Vasiluk"
"1858","Lucia Walters"
"1859","Dean Barrett"
"1860","Robert Beck"
"1861","Tom Bougers"
"1862","Zoltan Buday"
"1863","Thor Derkson"
"1864","Brian Drummond"
"1865","Oleg Feoktistov"
"1866","Alan Giles"
"1867","Biski Gugushe"
"1868","Darwin Haine"
"1869","Todd Harris"
"1870","Steven Jones"
"1871","Marion Killinger"
"1872","Kelsa Kinsly"
"1873","Clare Lapinskie"
"1874","Juan Llorens"
"1875","Hardia Madden"
"1876","David Major"
"1877","Nick Misura"
"1878","Stephanie Keane Patterson"
"1879","David Pearson"
"1880","Devin Reeve"
"1881","Taylor Anne Reid"
"1882","Trevor Roald"
"1883","Jake T. Roberts"
"1884","Shayn Solberg"
"1885","Andrew Star"
"1886","Michael Swiney"
"1887","Kett Turton"
"1888","Bruno Verdoni"
"1889","Owen Walstrom"
"1890","Dan Weber"
"1891","Jose C. Alvarez"
"1892","Jessica Biscardi"
"1893","Paul Douglas Brown"
"1894","Tom Bysiek"
"1895","Bob Casper"
"1896","Vanessa Elgrichi"
"1897","Geoffrey Gould"
"1898","Phil Hawn"
"1899","Reunald Jones III"
"1900","Ariane Von Kamp"
"1901","Vin Scully"
"1902","Dusty Sorg"
"1903","Cody Weselis"
"1904","Tony Amendola"
"1905","Nicole Bush"
"1906","N. Barry Carver"
"1907","Minnie Driver"
"1908","André Fortin"
"1909","Myke Friscia"
"1910","David Alan Grier"
"1911","Ted Hollis"
"1912","Anne-Marie Johnson"
"1913","Paul Hansen Kim"
"1914","Hallie Lambert"
"1915","Benito Mussolini"
"1916","Pat Nixon"
"1917","Bill O'Donnell"
"1918","Thomas Roe"
"1919","Rod Simmons"
"1920","Michael Fallon"
"1921","Mark Snow"
"1922","Kristian Sorensen"
"1923","Kevin Tash"
"1924","Dan Westerman"
"1925","Lucas Black"
"1926","Leandro DiMonriva"
"1927","Shakira Vanise Gamble"
"1928","Deborah Landis"
"1929","Larena Patrick"
"1930","Robert Scheid"
"1931","Sandra Tripicchio"
